"user.id","age"
2,26
8,24
9,25
10,25
11,23
13,18
20,28
26,19
27,18
29,24
31,28
33,19
35,24
36,28
38,22
48,23
49,26
53,17
54,15
59,25
66,27
68,27
72,25
76,20
83,26
89,27
90,25
91,22
94,24
95,27
96,24
101,24
105,23
108,24
115,26
119,26
120,22
123,26
124,26
126,18
134,22
137,24
140,25
142,26
144,24
145,24
146,24
147,27
154,23
155,25
157,27
166,23
167,21
169,23
172,17
175,28
183,24
184,25
185,28
188,27
194,21
200,25
204,17
216,23
217,23
221,25
222,29
223,23
229,14
230,24
232,23
236,24
240,26
242,25
246,21
247,17
250,27
260,23
263,26
265,16
267,22
270,30
271,18
273,17
275,25
276,24
277,23
282,28
283,24
288,26
289,25
290,23
298,23
300,18
303,24
304,22
305,26
306,25
307,16
312,26
320,25
321,26
323,18
325,17
327,23
330,18
331,23
332,17
333,23
334,17
339,18
341,27
342,26
354,19
355,25
364,26
365,24
370,24
378,25
379,27
387,17
392,27
401,24
402,16
406,18
408,26
409,18
410,30
411,17
413,16
416,25
417,25
421,23
424,17
426,24
430,24
432,26
433,25
434,22
435,24
436,28
440,26
446,17
451,24
452,27
453,27
454,25
458,28
462,23
465,23
466,29
468,27
470,18
471,25
477,29
480,18
485,26
486,23
488,21
496,24
502,27
503,29
504,24
505,34
506,27
507,19
513,24
515,24
516,22
517,19
521,27
526,18
529,24
530,16
534,18
536,25
538,17
542,27
546,23
552,28
561,26
563,25
564,24
569,23
572,24
574,24
577,26
578,17
584,18
587,24
588,19
589,18
596,20
597,29
598,18
602,24
604,19
607,25
609,19
613,26
617,26
620,23
624,18
626,24
633,21
639,23
640,23
646,25
647,19
650,26
662,18
665,17
666,23
670,19
671,26
673,23
681,19
682,28
684,26
686,24
702,25
703,25
710,22
714,24
715,25
716,27
717,19
718,24
722,28
723,22
726,25
734,24
736,28
737,17
739,24
740,25
749,25
755,23
759,28
760,18
761,26
762,25
763,23
764,19
766,28
767,25
768,24
769,24
770,27
771,16
772,25
774,30
775,27
778,16
779,23
780,19
784,28
785,28
787,23
788,24
790,22
795,24
797,24
800,27
801,20
807,23
808,18
809,18
810,21
811,24
822,30
824,25
827,23
828,16
830,25
832,23
834,23
845,29
849,27
856,25
858,19
861,18
864,17
867,23
873,16
877,18
882,27
886,22
887,18
890,18
895,28
903,18
907,24
919,28
923,28
931,26
932,16
936,24
948,24
950,27
952,27
954,17
956,17
961,25
962,16
964,24
967,27
969,27
970,23
971,26
972,33
973,24
976,22
977,18
984,24
988,16
989,26
991,29
996,22
997,22
1001,20
1002,18
1005,26
1008,25
1009,15
1014,17
1016,25
1017,18
1018,24
1019,16
1022,29
1025,25
1030,24
1031,28
1034,24
1036,25
1037,19
1043,26
1044,22
1048,25
1051,25
1060,25
1062,27
1066,30
1068,26
1070,25
1072,26
1075,24
1077,18
1078,17
1079,29
1080,16
1084,27
1085,25
1086,19
1087,26
1090,24
1092,18
1094,17
1098,27
1102,29
1103,24
1107,31
1109,23
1110,25
1115,22
1119,27
1123,18
1127,23
1142,23
1143,18
1150,24
1151,17
1156,23
1162,25
1164,19
1165,22
1166,24
1167,24
1170,30
1172,23
1175,18
1179,18
1181,24
1183,29
1185,18
1187,25
1189,25
1190,23
1191,25
1195,23
1196,26
1208,27
1216,25
1217,22
1219,23
1226,26
1229,17
1230,24
1231,27
1233,16
1235,25
1237,17
1238,19
1239,28
1246,25
1247,18
1258,17
1263,19
1274,19
1283,27
1293,24
1295,26
1298,27
1299,24
1303,26
1304,17
1306,27
1311,19
1315,29
1319,23
1329,29
1330,17
1331,20
1332,26
1335,18
1338,28
1343,25
1347,29
1354,17
1359,22
1360,29
1363,24
1364,18
1365,19
1377,17
1381,25
1382,15
1384,23
1386,25
1393,23
1395,24
1398,25
1400,22
1406,27
1407,27
1408,18
1412,24
1415,26
1422,25
1423,26
1426,25
1429,24
1432,24
1437,16
1442,25
1450,25
1458,16
1464,24
1470,27
1471,23
1472,24
1476,24
1478,24
1479,18
1480,24
1481,27
1483,23
1486,17
1489,25
1490,23
1493,26
1494,24
1501,24
1503,24
1511,24
1521,14
1525,25
1526,21
1531,16
1536,24
1538,25
1547,26
1549,29
1556,24
1557,27
1573,24
1576,18
1580,16
1583,29
1585,26
1587,23
1588,22
1589,28
1591,23
1594,19
1596,19
1597,16
1615,26
1618,26
1619,25
1623,18
1626,17
1634,23
1639,18
1641,18
1643,24
1644,23
1645,25
1647,24
1649,19
1652,16
1653,22
1654,21
1658,17
1659,17
1661,23
1662,18
1667,29
1669,18
1671,18
1675,25
1680,24
1682,26
1683,27
1684,32
1686,20
1687,24
1689,23
1690,23
1692,18
1693,25
1697,17
1700,25
1701,26
1702,15
1704,26
1708,28
1714,23
1715,27
1716,27
1721,23
1723,25
1724,23
1731,24
1732,18
1734,23
1735,17
1739,16
1742,26
1746,27
1748,20
1750,22
1754,32
1757,22
1758,24
1760,28
1769,28
1774,26
1776,26
1780,25
1781,25
1783,25
1785,24
1786,24
1788,25
1789,24
1795,25
1796,18
1798,23
1799,26
1803,23
1805,22
1807,23
1809,27
1811,19
1819,23
1820,17
1826,28
1829,23
1833,28
1837,26
1839,33
1842,23
1844,22
1849,28
1850,25
1852,25
1854,26
1858,26
1859,30
1863,23
1864,24
1865,24
1866,24
1867,25
1869,24
1871,25
1876,28
1877,25
1883,17
1887,28
1891,24
1893,23
1894,17
1895,27
1898,26
1900,24
1906,23
1908,24
1909,24
1910,24
1917,27
1918,24
1922,23
1923,18
1929,18
1930,24
1932,26
1933,18
1939,17
1949,23
1963,25
1967,18
1968,23
1977,22
1983,28
1992,22
1994,27
2007,24
2011,29
2014,25
2018,25
2019,26
2021,24
2023,18
2025,24
2028,30
2032,23
2035,26
2036,26
2038,21
2039,23
2040,22
2042,26
2044,23
2050,26
2054,18
2055,24
2059,22
2060,23
2061,17
2062,30
2066,24
2067,22
2068,23
2069,30
2075,23
2076,26
2080,28
2082,22
2083,25
2085,17
2087,24
2088,23
2091,24
2092,22
2104,29
2105,24
2111,30
2113,26
2115,24
2120,21
2123,23
2124,29
2126,18
2127,25
2129,18
2134,25
2135,24
2139,24
2143,23
2154,26
2156,24
2160,18
2161,19
2166,24
2173,26
2178,25
2182,25
2183,29
2189,26
2191,19
2192,29
2193,24
2194,24
2196,24
2198,25
2199,26
2200,24
2207,34
2212,23
2216,16
2220,28
2225,22
2226,27
2227,17
2229,23
2232,24
2237,27
2240,24
2241,26
2243,22
2246,17
2249,24
2251,28
2254,18
2255,17
2258,26
2259,24
2261,24
2263,16
2267,18
2271,26
2274,26
2277,23
2282,27
2283,24
2285,24
2287,26
2291,18
2293,28
2300,17
2310,29
2313,24
2316,24
2320,18
2322,24
2324,23
2327,26
2330,19
2333,19
2335,16
2337,26
2338,17
2339,24
2341,28
2343,22
2344,25
2360,19
2363,19
2370,18
2371,28
2372,24
2374,26
2380,28
2381,15
2382,23
2386,26
2387,24
2388,18
2390,18
2398,18
2405,17
2406,20
2407,24
2411,22
2418,23
2420,18
2422,21
2425,28
2427,23
2430,17
2433,26
2434,23
2438,25
2439,25
2441,20
2443,18
2449,25
2450,21
2451,18
2453,19
2455,18
2462,24
2463,27
2464,23
2468,25
2473,25
2480,24
2484,18
2485,23
2487,25
2488,26
2489,24
2490,19
2495,21
2496,25
2497,26
2504,18
2506,20
2508,23
2511,18
2512,25
2520,24
2521,30
2522,17
2524,18
2526,25
2529,23
2535,27
2538,22
2547,18
2551,25
2554,18
2557,19
2559,20
2561,21
2562,23
2564,17
2566,18
2568,25
2569,24
2571,25
2572,25
2578,24
2582,18
2594,17
2595,22
2599,18
2600,23
2603,24
2609,27
2611,27
2616,17
2620,24
2622,18
2623,23
2626,24
2628,27
2633,23
2636,22
2637,24
2639,24
2645,17
2648,25
2649,25
2653,25
2656,26
2661,28
2663,18
2665,28
2670,18
2672,23
2676,26
2682,25
2685,23
2686,23
2690,25
2691,26
2693,26
2697,24
2701,26
2704,20
2705,24
2712,18
2714,16
2715,24
2716,18
2717,18
2718,27
2719,24
2720,14
2721,26
2723,23
2733,23
2734,24
2737,24
2738,27
2741,25
2744,24
2749,25
2750,20
2751,29
2755,23
2758,26
2767,24
2769,27
2770,24
2772,19
2773,16
2788,25
2795,27
2800,26
2801,26
2807,22
2809,22
2825,18
2829,24
2831,22
2837,25
2838,23
2839,18
2840,24
2841,23
2846,23
2849,28
2850,24
2855,25
2857,24
2859,25
2861,26
2865,26
2867,26
2883,26
2886,24
2888,17
2889,23
2895,16
2897,25
2898,24
2899,22
2900,24
2906,24
2908,26
2913,20
2919,24
2921,24
2922,24
2925,26
2926,18
2927,25
2929,16
2930,23
2935,25
2937,17
2938,18
2941,27
2947,25
2952,27
2962,23
2966,25
2968,25
2969,18
2972,23
2974,18
2975,24
2978,18
2988,23
2989,28
2991,17
2995,27
2997,23
3006,25
3007,17
3011,16
3015,30
3017,23
3025,19
3029,25
3030,17
3031,18
3032,17
3036,26
3040,25
3043,25
3044,24
3045,25
3048,25
3049,24
3052,24
3053,22
3062,22
3063,18
3065,14
3067,23
3068,27
3072,23
3074,25
3075,19
3076,16
3078,29
3081,17
3084,24
3088,26
3089,23
3093,28
3096,23
3097,17
3098,24
3100,23
3103,26
3106,23
3111,21
3113,26
3118,19
3127,25
3130,18
3132,18
3135,20
3137,23
3143,16
3144,28
3146,23
3147,25
3151,18
3153,24
3155,26
3160,18
3174,18
3177,28
3181,27
3183,29
3184,28
3188,25
3198,24
3210,23
3213,22
3216,19
3219,19
3220,19
3226,26
3227,22
3235,23
3236,20
3242,18
3243,25
3249,26
3251,25
3260,25
3264,24
3267,25
3269,27
3270,25
3275,18
3276,24
3278,25
3284,23
3286,18
3287,26
3289,19
3291,29
3297,22
3299,24
3302,28
3303,29
3304,18
3309,28
3315,26
3319,18
3320,28
3321,23
3323,23
3327,26
3332,24
3338,17
3346,25
3347,20
3350,17
3357,24
3360,25
3361,30
3368,18
3369,27
3370,24
3371,18
3373,19
3374,23
3375,27
3376,17
3379,22
3381,18
3382,23
3383,27
3385,27
3386,18
3387,18
3388,24
3390,20
3393,17
3394,25
3404,26
3405,18
3411,27
3415,20
3417,25
3418,18
3420,22
3423,26
3424,23
3425,23
3427,29
3428,22
3432,27
3435,18
3437,25
3441,26
3443,25
3445,27
3448,27
3453,25
3457,27
3460,24
3464,17
3466,27
3469,18
3470,30
3471,27
3473,25
3479,18
3480,25
3486,23
3490,25
3491,17
3492,24
3493,18
3494,23
3499,25
3501,19
3502,27
3504,25
3507,26
3511,18
3517,28
3520,26
3523,28
3525,23
3527,27
3532,29
3534,25
3543,19
3544,28
3548,27
3550,24
3552,17
3553,23
3556,18
3557,24
3559,18
3563,22
3565,19
3566,23
3568,19
3573,26
3574,24
3577,25
3579,17
3588,19
3589,20
3590,18
3592,24
3594,29
3600,24
3605,15
3609,25
3610,27
3612,17
3614,22
3615,28
3617,23
3621,17
3622,17
3625,24
3626,18
3633,24
3638,17
3640,25
3643,19
3644,20
3645,29
3650,26
3654,23
3660,28
3662,27
3663,24
3670,25
3676,28
3677,19
3681,17
3684,26
3686,28
3687,18
3691,30
3695,28
3697,25
3698,17
3699,24
3700,27
3701,23
3705,30
3708,24
3712,18
3713,26
3716,20
3718,28
3723,22
3725,24
3735,23
3736,26
3738,17
3739,27
3742,18
3745,22
3747,18
3749,24
3750,26
3751,18
3756,24
3759,26
3760,29
3766,27
3768,18
3769,25
3772,25
3774,32
3775,28
3782,23
3786,29
3795,23
3799,24
3801,24
3805,26
3806,23
3807,28
3812,16
3815,24
3817,25
3823,24
3829,22
3832,26
3833,24
3834,18
3836,25
3837,22
3845,23
3850,17
3854,24
3855,24
3857,23
3859,19
3862,27
3869,25
3870,17
3876,25
3880,27
3883,26
3886,24
3890,29
3891,25
3895,25
3898,24
3900,18
3901,18
3906,23
3909,24
3911,23
3913,17
3917,20
3919,25
3923,23
3924,24
3933,23
3935,25
3939,28
3942,17
3944,24
3948,24
3949,18
3950,18
3956,24
3960,18
3962,19
3964,25
3966,24
3967,24
3968,27
3973,24
3977,24
3982,27
3984,24
3985,24
3988,24
3989,24
3990,18
3991,28
3998,23
4003,23
4004,27
4008,29
4009,17
4013,28
4016,28
4025,26
4027,18
4028,24
4031,17
4032,25
4034,16
4038,24
4039,24
4042,18
4047,24
4048,27
4051,17
4052,27
4054,25
4056,24
4057,31
4061,19
4064,19
4065,24
4072,19
4073,22
4074,27
4076,20
4082,25
4084,32
4085,23
4086,26
4087,23
4092,17
4093,29
4094,22
4096,17
4101,25
4111,24
4115,25
4118,27
4122,24
4123,23
4126,19
4130,26
4134,25
4140,18
4147,28
4149,25
4150,25
4155,17
4156,24
4159,25
4160,28
4162,25
4171,25
4175,26
4176,27
4180,25
4183,24
4188,24
4195,24
4199,23
4202,26
4205,26
4206,24
4208,18
4209,25
4213,22
4214,16
4215,24
4219,17
4228,27
4234,18
4236,23
4244,17
4248,25
4249,26
4250,18
4254,22
4256,17
4258,24
4259,27
4262,26
4264,27
4265,28
4270,21
4271,24
4272,18
4278,27
4281,22
4282,28
4284,17
4285,26
4286,29
4287,17
4288,30
4297,16
4298,28
4300,18
4301,18
4308,24
4316,23
4320,22
4323,24
4325,27
4335,29
4338,23
4340,25
4341,18
4342,16
4346,23
4349,24
4357,25
4358,24
4359,27
4360,24
4366,24
4367,29
4370,27
4371,17
4372,22
4377,28
4380,20
4382,25
4386,26
4390,18
4395,25
4396,17
4399,17
4408,16
4410,25
4412,22
4413,21
4414,29
4419,27
4420,18
4421,17
4423,27
4425,23
4426,18
4428,19
4430,26
4431,26
4433,23
4434,23
4437,28
4438,24
4441,23
4443,18
4451,24
4453,16
4455,19
4457,22
4458,24
4459,28
4465,15
4467,23
4470,23
4471,25
4475,24
4480,27
4481,28
4486,16
4495,23
4496,19
4497,18
4503,33
4513,18
4515,25
4517,24
4518,18
4520,23
4521,24
4522,22
4526,16
4531,30
4533,23
4539,23
4541,19
4547,24
4549,24
4559,23
4560,19
4564,23
4566,13
4571,24
4572,24
4575,24
4576,17
4579,24
4582,23
4585,29
4588,28
4590,22
4597,21
4601,25
4603,23
4606,19
4609,19
4611,22
4615,30
4618,21
4621,23
4622,28
4625,17
4626,25
4629,25
4631,24
4635,25
4638,17
4641,26
4642,24
4649,24
4650,24
4653,18
4660,26
4664,23
4668,26
4669,23
4674,19
4675,27
4676,28
4681,17
4686,16
4687,22
4691,28
4692,24
4695,24
4696,23
4704,23
4705,25
4707,18
4711,26
4715,16
4716,25
4720,25
4724,25
4726,23
4727,26
4729,17
4731,25
4733,24
4742,18
4743,26
4746,18
4747,24
4755,22
4758,28
4761,25
4770,25
4772,27
4777,23
4778,25
4783,19
4789,25
4794,19
4797,27
4800,25
4809,25
4812,22
4820,19
4825,23
4826,25
4828,24
4831,25
4832,23
4833,24
4836,25
4840,23
4842,23
4843,24
4846,23
4848,30
4850,17
4851,17
4856,22
4859,18
4860,18
4861,22
4864,21
4870,25
4871,30
4874,24
4876,25
4878,24
4881,29
4883,23
4884,25
4888,18
4890,19
4894,18
4897,25
4903,17
4905,24
4906,17
4909,28
4912,25
4914,26
4915,27
4917,19
4921,24
4922,23
4923,17
4927,26
4929,26
4931,24
4932,26
4936,19
4937,25
4947,30
4948,25
4951,26
4955,25
4956,24
4959,24
4960,23
4962,23
4965,24
4968,24
4972,27
4974,23
4976,23
4979,25
4981,25
4988,28
4993,18
5005,25
5016,17
5017,25
5019,22
5020,30
5021,25
5023,19
5036,20
5038,25
5039,23
5042,17
5047,22
5052,26
5054,27
5058,35
5059,17
5062,26
5063,18
5067,27
5073,25
5077,28
5078,15
5079,18
5080,16
5083,23
5092,28
5095,26
5100,25
5102,25
5105,25
5110,27
5111,17
5112,28
5113,19
5122,16
5124,26
5127,28
5128,25
5129,25
5136,17
5141,18
5143,27
5144,24
5145,22
5150,25
5153,17
5157,26
5164,24
5168,25
5172,18
5173,18
5177,24
5182,25
5184,23
5192,23
5193,19
5194,19
5197,26
5202,24
5206,24
5208,19
5209,29
5212,26
5213,23
5214,28
5218,25
5222,17
5224,24
5227,24
5228,18
5244,26
5250,23
5251,23
5252,24
5257,24
5258,23
5265,23
5268,23
5270,25
5277,24
5278,23
5279,23
5281,25
5283,25
5291,18
5295,25
5298,28
5302,23
5304,17
5307,17
5314,25
5319,18
5320,26
5324,24
5329,23
5331,25
5336,18
5338,29
5339,17
5341,27
5344,21
5345,23
5348,25
5351,15
5357,28
5362,27
5364,24
5367,28
5368,26
5369,18
5371,26
5374,18
5378,23
5381,24
5383,24
5386,19
5388,27
5389,24
5391,22
5392,25
5397,29
5398,24
5403,23
5406,23
5408,23
5410,23
5411,17
5412,18
5413,23
5416,23
5418,26
5420,26
5426,18
5427,26
5432,26
5435,17
5439,27
5442,19
5443,25
5450,24
5451,19
5455,37
5466,17
5467,18
5471,17
5473,24
5475,28
5478,24
5479,23
5480,29
5483,24
5484,18
5487,16
5489,19
5491,20
5495,18
5500,23
5501,33
5507,23
5510,28
5512,20
5515,24
5516,17
5521,18
5524,23
5527,22
5528,28
5530,20
5537,26
5538,26
5540,20
5543,19
5545,28
5546,23
5554,18
5555,28
5557,17
5560,25
5561,19
5568,16
5569,26
5570,17
5573,17
5579,18
5584,23
5585,25
5587,17
5589,18
5590,19
5592,22
5593,25
5596,17
5597,24
5598,24
5606,26
5609,19
5610,17
5611,23
5613,19
5614,23
5615,18
5617,27
5618,18
5621,16
5627,25
5629,23
5630,18
5634,21
5640,27
5646,15
5647,26
5649,22
5655,17
5660,24
5661,18
5665,19
5670,23
5678,23
5679,21
5680,29
5684,25
5687,23
5688,25
5689,19
5698,18
5699,28
5702,27
5709,28
5710,24
5712,23
5714,18
5718,26
5719,27
5723,15
5725,18
5732,17
5736,16
5737,18
5741,17
5744,18
5750,24
5751,16
5753,24
5755,24
5756,26
5757,27
5758,27
5761,27
5768,26
5769,27
5771,26
5772,27
5774,24
5775,23
5777,24
5778,30
5779,26
5783,25
5785,16
5786,16
5787,23
5788,24
5797,23
5799,23
5803,22
5804,26
5805,25
5808,27
5809,23
5812,24
5816,25
5817,18
5818,24
5829,23
5831,26
5834,27
5835,28
5840,18
5845,26
5848,21
5851,21
5854,29
5856,29
5864,19
5865,24
5868,18
5873,29
5874,15
5879,30
5884,27
5888,24
5902,25
5904,32
5912,17
5917,24
5919,19
5921,24
5922,27
5923,17
5925,18
5928,30
5930,19
5938,24
5940,20
5941,26
5943,22
5946,27
5951,24
5956,25
5960,24
5963,24
5965,26
5967,22
5970,30
5975,29
5977,22
5978,27
5984,23
5988,26
5991,26
5992,25
5997,26
6006,23
6008,15
6009,24
6010,23
6012,30
6015,18
6016,24
6017,30
6018,18
6021,23
6024,18
6029,24
6037,23
6042,27
6043,17
6048,25
6049,25
6056,24
6058,26
6062,23
6064,41
6065,23
6067,19
6071,25
6073,29
6074,17
6083,23
6089,26
6090,25
6100,21
6102,27
6103,24
6105,17
6107,22
6114,25
6118,26
6121,24
6123,16
6125,25
6128,16
6129,25
6131,22
6132,17
6135,23
6137,23
6139,17
6142,19
6143,26
6145,20
6149,21
6155,17
6156,25
6157,27
6158,28
6164,27
6173,22
6174,16
6175,24
6180,27
6181,17
6192,20
6193,26
6197,24
6200,24
6204,23
6205,24
6206,24
6209,23
6215,23
6221,18
6222,19
6223,23
6225,25
6226,18
6229,26
6234,24
6238,18
6239,22
6240,26
6241,25
6243,25
6244,18
6247,24
6250,24
6254,22
6255,23
6261,28
6262,26
6265,24
6268,26
6270,23
6274,19
6279,24
6280,24
6287,25
6290,23
6293,25
6297,19
6298,24
6299,24
6304,24
6306,26
6308,22
6310,19
6311,26
6312,16
6313,25
6316,18
6318,23
6322,18
6329,24
6334,24
6336,22
6343,18
6345,25
6346,28
6347,24
6348,17
6349,18
6358,24
6361,29
6362,24
6366,23
6367,26
6369,27
6370,24
6375,26
6376,22
6378,25
6380,26
6381,26
6382,29
6384,24
6385,24
6395,16
6399,17
6400,20
6404,16
6407,25
6408,24
6410,24
6413,25
6415,25
6419,26
6420,16
6422,28
6426,23
6427,25
6430,23
6431,20
6435,25
6437,25
6438,18
6440,18
6442,18
6443,23
6446,17
6449,18
6453,28
6454,20
6456,28
6464,24
6467,18
6468,25
6474,24
6476,26
6477,19
6479,25
6480,25
6482,18
6483,25
6489,24
6491,16
6494,24
6495,24
6498,17
6500,24
6501,22
6504,19
6509,29
6511,24
6514,26
6518,25
6519,24
6520,23
6521,24
6522,17
6523,25
6528,25
6538,26
6539,16
6542,22
6548,24
6550,24
6558,18
6559,24
6560,21
6561,24
6563,24
6566,21
6569,24
6578,23
6581,24
6585,19
6588,24
6597,29
6603,25
6606,21
6611,25
6613,27
6614,25
6617,24
6623,24
6625,24
6627,21
6628,27
6633,25
6640,26
6644,24
6646,18
6647,25
6649,19
6650,18
6651,18
6655,29
6658,23
6661,18
6662,26
6663,16
6664,26
6665,16
6668,23
6670,25
6673,19
6678,24
6679,23
6685,9
6688,16
6697,26
6701,23
6704,23
6705,33
6710,19
6711,24
6712,18
6719,23
6721,27
6722,17
6731,23
6739,22
6743,27
6744,18
6748,20
6750,23
6751,26
6762,23
6767,30
6771,17
6773,24
6785,18
6786,24
6789,23
6793,27
6794,27
6799,29
6805,26
6806,18
6812,27
6815,23
6816,24
6819,24
6821,23
6822,19
6823,22
6824,24
6828,24
6835,28
6840,25
6844,15
6845,19
6848,24
6856,23
6859,25
6861,25
6864,16
6868,22
6869,18
6870,27
6874,24
6877,24
6879,17
6880,21
6886,18
6887,27
6890,26
6891,24
6892,24
6894,18
6895,23
6899,18
6904,24
6911,24
6913,18
6916,19
6919,18
6920,24
6921,23
6924,23
6927,26
6936,26
6939,23
6942,19
6944,29
6947,18
6949,18
6950,25
6952,24
6953,23
6961,24
6972,24
6974,25
6975,25
6978,23
6979,24
6980,24
6985,18
6991,25
6992,30
6994,25
7004,23
7009,22
7010,25
7011,28
7017,19
7018,25
7021,18
7022,24
7030,25
7036,24
7037,27
7038,26
7040,24
7042,17
7043,26
7045,16
7046,19
7058,23
7062,19
7063,15
7071,32
7073,23
7081,9
7088,23
7089,27
7090,17
7096,24
7102,23
7104,27
7106,25
7108,23
7109,26
7110,24
7111,28
7112,26
7113,23
7114,24
7119,24
7122,28
7125,23
7132,25
7138,19
7143,29
7145,24
7148,28
7149,23
7157,25
7159,17
7169,22
7171,26
7173,24
7174,28
7177,24
7178,25
7180,28
7185,26
7186,25
7188,25
7194,16
7195,22
7197,26
7201,17
7207,23
7208,18
7217,27
7225,26
7235,19
7239,29
7241,23
7244,26
7248,26
7257,23
7259,20
7260,23
7262,18
7266,17
7268,17
7275,24
7276,26
7277,27
7281,28
7283,24
7287,26
7290,24
7292,24
7298,23
7303,24
7304,19
7305,25
7306,18
7307,22
7308,18
7309,24
7312,24
7314,27
7315,17
7320,26
7327,18
7331,26
7332,30
7334,28
7336,23
7340,18
7341,23
7346,25
7350,29
7353,25
7360,24
7362,18
7363,24
7368,26
7369,27
7370,26
7371,23
7372,18
7374,24
7375,26
7376,23
7378,23
7379,24
7384,25
7385,17
7388,17
7395,27
7397,15
7399,25
7400,27
7401,27
7403,19
7404,23
7405,22
7408,26
7410,25
7412,16
7413,24
7415,27
7416,25
7417,25
7418,25
7424,15
7427,18
7428,17
7429,26
7430,25
7431,28
7433,25
7440,23
7445,24
7449,25
7452,24
7453,16
7456,24
7461,19
7462,19
7465,19
7470,24
7472,26
7476,20
7485,23
7489,22
7491,26
7494,24
7504,18
7510,18
7511,18
7519,22
7521,27
7522,24
7523,18
7531,24
7532,25
7534,19
7535,22
7536,21
7539,18
7542,28
7545,27
7546,26
7551,24
7552,25
7553,28
7554,27
7556,25
7561,26
7569,23
7571,24
7576,17
7585,24
7587,17
7588,17
7589,16
7591,16
7592,22
7594,28
7598,26
7599,30
7602,18
7608,20
7612,25
7614,29
7615,17
7619,17
7623,25
7628,27
7630,23
7634,29
7636,18
7637,27
7638,24
7639,18
7643,27
7648,26
7650,27
7655,17
7660,18
7661,25
7666,17
7667,23
7668,24
7671,21
7673,23
7678,24
7681,25
7685,17
7689,17
7694,23
7695,17
7702,20
7704,28
7706,17
7708,18
7710,25
7712,25
7714,24
7715,24
7721,26
7723,23
7725,21
7734,23
7744,18
7745,26
7750,14
7753,27
7757,33
7758,22
7760,26
7763,19
7764,19
7767,26
7771,28
7773,28
7774,18
7776,23
7777,27
7780,24
7781,24
7785,23
7792,29
7803,24
7805,27
7808,17
7815,22
7819,18
7821,23
7826,27
7830,30
7833,25
7835,25
7837,24
7838,24
7844,23
7849,27
7850,28
7863,26
7864,24
7865,25
7870,26
7876,23
7879,35
7885,19
7886,22
7890,18
7892,22
7894,27
7896,24
7898,23
7901,19
7902,28
7903,25
7906,25
7907,25
7910,23
7912,19
7915,24
7925,24
7930,30
7931,18
7934,18
7936,26
7937,22
7940,25
7946,28
7947,23
7948,18
7950,29
7951,22
7953,25
7954,23
7959,25
7961,17
7967,18
7969,25
7971,28
7974,25
7981,17
7982,18
7983,26
7985,29
7986,26
7989,18
7992,24
7996,18
7997,29
8000,25
8003,24
8006,24
8012,17
8013,22
8014,17
8015,20
8020,23
8026,19
8027,23
8031,24
8033,24
8034,28
8035,14
8038,23
8040,18
8042,28
8043,23
8044,23
8045,15
8047,27
8048,21
8051,24
8052,23
8057,24
8059,24
8062,23
8063,27
8064,24
8066,25
8068,26
8069,17
8072,24
8073,23
8078,18
8080,26
8084,27
8091,25
8093,25
8094,29
8102,23
8106,23
8111,24
8112,23
8118,24
8119,28
8120,17
8123,26
8124,18
8125,18
8127,18
8129,28
8130,28
8135,25
8136,25
8141,23
8145,26
8148,28
8152,17
8155,19
8157,18
8164,14
8165,23
8167,25
8170,26
8171,19
8173,23
8177,24
8178,27
8179,28
8180,27
8182,30
8183,25
8185,19
8187,24
8192,18
8195,23
8203,22
8205,27
8208,26
8215,17
8216,29
8218,23
8221,23
8225,24
8227,30
8230,29
8233,23
8235,17
8236,26
8238,24
8240,23
8242,22
8246,26
8247,29
8252,17
8254,18
8255,25
8256,25
8258,23
8259,26
8260,23
8261,26
8262,24
8263,22
8264,17
8268,25
8269,25
8271,28
8277,17
8280,27
8281,19
8288,22
8289,26
8296,18
8299,25
8302,23
8305,18
8307,23
8308,17
8309,24
8310,17
8314,23
8315,19
8319,24
8322,23
8327,18
8334,24
8337,19
8340,23
8345,25
8351,26
8353,24
8357,21
8359,24
8360,25
8361,27
8368,18
8376,23
8378,16
8382,24
8386,23
8388,18
8401,28
8404,17
8405,23
8406,27
8407,17
8408,24
8409,24
8412,24
8413,25
8415,27
8426,24
8428,24
8429,16
8439,19
8442,17
8446,24
8448,18
8449,22
8451,27
8453,22
8454,31
8461,25
8462,26
8463,19
8468,24
8469,23
8470,28
8475,26
8477,26
8479,25
8482,19
8485,28
8486,22
8488,23
8494,27
8496,17
8498,17
8500,25
8506,23
8509,27
8517,19
8519,18
8520,17
8522,19
8523,26
8524,19
8527,24
8528,26
8530,17
8534,22
8535,23
8536,30
8539,23
8540,18
8543,18
8544,21
8546,23
8548,24
8549,19
8551,23
8553,25
8557,22
8561,29
8564,23
8565,18
8569,25
8575,26
8579,22
8582,16
8584,25
8586,18
8588,20
8590,24
8593,16
8597,28
8599,17
8601,28
8604,27
8605,28
8609,26
8612,27
8615,26
8616,24
8617,19
8618,19
8627,26
8632,23
8635,23
8640,25
8642,28
8643,29
8644,23
8645,24
8649,25
8652,28
8654,26
8656,26
8664,25
8670,27
8685,23
8698,16
8699,24
8706,28
8707,26
8710,24
8714,23
8718,23
8719,23
8722,23
8723,17
8725,18
8729,18
8736,23
8738,27
8740,29
8741,24
8742,19
8746,19
8747,23
8749,18
8751,16
8755,29
8758,16
8761,18
8765,27
8766,27
8772,23
8773,22
8776,18
8778,17
8780,24
8781,27
8783,23
8784,16
8790,24
8792,23
8793,26
8803,17
8804,24
8806,24
8810,19
8815,16
8816,29
8818,32
8819,25
8822,23
8823,23
8827,17
8830,23
8840,28
8848,18
8851,25
8853,23
8855,20
8857,23
8858,24
8859,28
8860,26
8866,27
8869,18
8871,19
8875,31
8876,17
8879,17
8880,27
8884,18
8890,26
8892,23
8893,27
8895,28
8897,24
8898,17
8900,18
8901,28
8903,22
8904,24
8906,16
8907,23
8909,16
8912,28
8913,21
8914,25
8924,15
8937,28
8938,18
8939,23
8945,24
8947,18
8951,28
8956,20
8957,18
8962,17
8963,23
8964,18
8965,25
8967,27
8969,17
8970,26
8973,21
8974,23
8975,16
8979,20
8981,22
8985,25
8994,24
8995,23
8996,24
8997,25
9004,27
9013,25
9014,24
9016,14
9017,22
9024,27
9026,21
9027,24
9030,23
9038,27
9039,25
9044,24
9047,19
9048,19
9049,29
9052,25
9056,22
9061,29
9062,23
9064,33
9065,15
9068,17
9070,23
9071,18
9078,23
9080,28
9081,25
9083,24
9084,27
9090,23
9092,24
9093,18
9103,24
9105,26
9106,28
9108,24
9109,25
9117,18
9118,18
9119,27
9124,24
9131,22
9133,30
9134,21
9141,24
9146,17
9147,24
9148,22
9151,24
9153,16
9163,24
9168,24
9179,26
9181,23
9186,31
9191,26
9192,22
9197,23
9198,24
9199,23
9200,24
9205,23
9207,19
9208,18
9211,17
9220,26
9228,26
9233,28
9234,24
9235,28
9238,18
9239,18
9240,32
9241,25
9243,19
9244,26
9245,26
9253,25
9255,16
9263,16
9264,25
9265,24
9270,24
9271,26
9277,28
9280,28
9286,28
9295,26
9297,19
9298,26
9310,28
9311,32
9315,18
9316,24
9317,26
9318,23
9319,23
9322,25
9325,18
9328,24
9329,16
9336,17
9337,24
9338,30
9343,24
9344,23
9347,25
9350,17
9351,24
9354,27
9357,26
9362,26
9363,17
9365,25
9366,25
9367,28
9368,24
9372,27
9376,26
9385,22
9386,25
9387,18
9390,31
9391,18
9397,25
9399,24
9400,18
9401,23
9407,25
9416,26
9418,24
9419,26
9421,18
9422,23
9423,18
9424,28
9428,25
9429,26
9435,24
9436,17
9443,18
9446,19
9447,24
9453,25
9460,25
9464,26
9465,24
9466,17
9467,23
9469,24
9472,17
9473,25
9474,28
9475,22
9480,18
9483,19
9484,23
9489,25
9498,24
9499,19
9500,26
9504,26
9513,23
9517,28
9519,19
9520,25
9525,25
9527,24
9532,25
9533,17
9543,23
9547,24
9549,18
9550,17
9551,26
9552,23
9553,27
9559,19
9560,18
9561,18
9562,24
9563,28
9565,23
9568,18
9573,25
9574,23
9575,18
9576,22
9578,17
9580,26
9582,17
9591,26
9592,28
9593,28
9596,25
9597,24
9598,22
9599,17
9601,18
9605,23
9606,24
9609,17
9616,26
9617,24
9618,25
9619,27
9620,18
9624,26
9625,24
9629,23
9633,19
9634,29
9635,18
9637,21
9642,27
9644,25
9646,27
9655,25
9658,17
9660,28
9663,20
9666,23
9667,26
9668,24
9675,23
9679,21
9683,25
9686,22
9687,23
9692,18
9695,28
9699,24
9700,24
9704,22
9713,17
9714,22
9716,25
9723,25
9726,27
9728,18
9729,26
9735,25
9737,27
9738,23
9739,25
9741,25
9750,21
9752,15
9759,28
9760,22
9762,23
9763,28
9766,24
9767,24
9769,24
9775,8
9777,23
9789,24
9792,30
9793,23
9795,20
9803,25
9805,17
9806,24
9807,25
9814,17
9817,24
9819,18
9820,28
9822,19
9827,25
9831,27
9835,25
9836,16
9838,24
9846,29
9849,24
9850,17
9852,29
9864,25
9867,18
9869,25
9876,19
9883,13
9886,28
9888,26
9890,24
9891,18
9896,23
9898,24
9901,26
9918,27
9920,21
9922,23
9925,23
9927,27
9931,23
9932,26
9933,17
9943,27
9944,28
9948,28
9951,25
9964,24
9965,30
9971,19
9972,25
9973,17
9980,18
9981,24
9982,23
9983,26
9988,24
9990,26
9997,17
9998,17
10000,18
10001,25
10003,26
10006,16
10008,24
10010,23
10013,19
10014,17
10019,24
10023,29
10024,25
10027,26
10029,26
10030,25
10032,18
10039,27
10040,27
10044,27
10045,31
10048,26
10051,22
10054,22
10061,27
10062,24
10064,25
10065,25
10066,17
10068,16
10073,17
10079,18
10087,29
10088,25
10090,28
10096,25
10104,19
10107,29
10108,24
10109,17
10110,24
10112,26
10117,27
10118,22
10119,24
10120,24
10123,18
10129,23
10131,29
10134,30
10135,25
10137,18
10138,17
10139,17
10143,24
10144,23
10147,26
10153,27
10154,25
10156,25
10160,18
10164,18
10179,16
10183,28
10185,28
10187,31
10190,25
10194,17
10199,25
10200,26
10206,26
10207,25
10209,18
10210,18
10213,26
10214,18
10218,18
10229,27
10230,27
10231,26
10232,23
10234,24
10236,22
10238,24
10240,30
10241,25
10243,23
10244,26
10245,23
10246,27
10247,26
10250,28
10251,25
10252,26
10267,24
10270,27
10271,26
10273,27
10274,17
10275,26
10276,22
10281,22
10285,29
10288,29
10292,18
10293,18
10294,24
10300,19
10303,25
10307,26
10308,19
10313,19
10314,17
10321,23
10327,24
10329,18
10331,16
10334,24
10342,25
10343,29
10345,25
10348,26
10350,15
10354,24
10355,27
10356,26
10358,23
10359,27
10361,22
10363,18
10368,25
10373,23
10377,24
10379,21
10380,27
10384,25
10386,26
10387,24
10389,22
10390,26
10391,28
10396,27
10397,24
10398,22
10399,23
10400,26
10402,29
10409,19
10411,24
10414,22
10418,25
10420,17
10422,19
10428,24
10429,18
10430,23
10433,17
10434,23
10436,19
10437,27
10440,19
10441,17
10443,22
10445,19
10446,16
10447,27
10448,24
10451,28
10452,22
10453,28
10455,28
10457,18
10463,25
10464,18
10466,19
10468,23
10471,18
10472,24
10473,24
10474,17
10475,26
10485,30
10487,28
10500,25
10506,17
10508,27
10509,24
10510,26
10519,25
10520,30
10521,28
10527,17
10532,29
10534,24
10535,17
10537,28
10540,25
10543,21
10549,24
10550,26
10554,17
10557,23
10560,23
10562,16
10567,17
10570,22
10575,26
10576,17
10578,24
10580,23
10582,26
10583,25
10591,24
10595,18
10596,20
10598,18
10600,19
10603,24
10606,23
10608,25
10610,18
10611,27
10615,19
10629,18
10631,18
10641,24
10645,19
10655,16
10656,27
10658,27
10659,18
10663,29
10664,16
10665,25
10670,23
10672,30
10676,23
10681,18
10684,18
10685,17
10686,26
10687,25
10695,23
10700,25
10702,26
10713,27
10716,23
10717,18
10722,23
10723,26
10724,30
10730,26
10733,27
10736,18
10740,23
10745,22
10746,26
10753,24
10755,25
10759,24
10762,21
10763,19
10765,24
10767,18
10769,24
10773,31
10777,17
10778,28
10781,23
10782,16
10786,18
10787,22
10788,23
10791,17
10793,23
10797,19
10799,24
10801,23
10802,21
10804,22
10805,27
10807,24
10812,23
10829,25
10833,25
10834,16
10838,18
10844,23
10845,18
10847,17
10864,26
10869,18
10870,23
10871,27
10877,16
10878,23
10884,28
10888,21
10889,22
10890,23
10893,18
10897,17
10900,22
10904,25
10908,26
10910,28
10911,17
10915,39
10916,24
10921,24
10923,25
10930,23
10931,19
10932,17
10933,18
10938,31
10941,19
10942,18
10944,26
10945,25
10947,26
10952,25
10953,23
10956,25
10957,23
10967,24
10969,25
10972,25
10974,16
10979,18
10982,23
10985,19
10988,24
10990,28
10996,19
10998,24
11000,19
11002,24
11007,23
11008,24
11009,23
11010,17
11012,25
11014,24
11015,24
11016,24
11017,24
11032,26
11034,24
11035,25
11036,17
11043,24
11047,30
11048,25
11049,25
11050,17
11055,18
11060,26
11061,27
11062,21
11063,27
11064,18
11066,26
11067,27
11069,24
11073,29
11075,29
11086,25
11090,23
11093,22
11094,23
11100,27
11102,17
11105,31
11107,23
11108,23
11118,24
11121,17
11122,19
11126,26
11127,17
11130,26
11131,22
11132,23
11133,17
11139,24
11142,24
11147,28
11149,28
11154,28
11156,22
11157,22
11161,17
11164,26
11167,29
11168,27
11170,20
11172,30
11173,17
11175,18
11178,24
11181,27
11182,21
11184,24
11185,19
11189,25
11198,26
11199,26
11203,16
11208,27
11209,23
11210,24
11211,15
11213,26
11219,24
11223,26
11228,18
11232,25
11234,18
11235,16
11238,17
11241,24
11245,18
11251,17
11252,27
11253,23
11256,24
11257,27
11258,29
11259,19
11263,25
11268,20
11269,26
11271,27
11277,18
11278,17
11289,25
11292,26
11294,23
11297,29
11299,25
11300,28
11304,24
11309,15
11317,26
11319,25
11320,28
11321,18
11324,22
11326,25
11329,28
11330,22
11331,24
11332,25
11335,26
11339,26
11341,27
11342,24
11343,26
11347,25
11349,22
11356,25
11358,25
11362,29
11364,26
11366,17
11372,16
11378,27
11380,24
11381,17
11383,17
11384,24
11385,29
11389,24
11390,17
11391,16
11393,25
11395,20
11400,25
11403,20
11408,18
11410,23
11412,19
11423,26
11430,22
11432,27
11433,25
11436,24
11437,17
11441,24
11443,19
11448,26
11451,25
11455,25
11457,26
11463,26
11464,24
11465,22
11477,18
11479,17
11485,19
11487,17
11490,27
11492,24
11493,25
11494,26
11498,25
11500,27
11502,17
11505,23
11506,23
11507,22
11509,18
11513,21
11514,27
11523,27
11527,24
11535,26
11537,18
11539,26
11540,25
11547,23
11548,23
11550,24
11552,24
11553,27
11555,21
11560,17
11561,18
11562,23
11573,17
11576,17
11580,19
11581,25
11589,23
11590,23
11600,18
11602,24
11611,29
11614,24
11625,22
11630,27
11634,17
11639,16
11640,28
11641,24
11642,32
11647,28
11648,24
11649,19
11654,17
11655,25
11657,17
11661,21
11665,16
11667,24
11671,27
11676,24
11677,24
11678,27
11685,24
11699,28
11702,25
11705,23
11709,30
11712,29
11715,32
11722,20
11731,23
11734,24
11736,18
11741,24
11745,18
11750,29
11751,18
11755,26
11758,24
11759,23
11761,26
11764,18
11765,25
11767,25
11769,29
11770,18
11771,18
11777,27
11778,25
11780,26
11781,24
11783,19
11786,27
11787,22
11789,19
11792,22
11797,17
11798,18
11804,19
11817,28
11818,24
11819,18
11820,18
11834,23
11835,24
11837,25
11838,18
11839,19
11841,23
11844,22
11847,23
11850,19
11855,27
11860,17
11865,16
11866,26
11870,15
11871,23
11876,23
11880,23
11881,24
11884,18
11886,18
11888,24
11889,25
11892,26
11894,23
11895,28
11897,18
11900,32
11901,23
11904,27
11907,31
11910,25
11911,16
11919,23
11922,18
11923,18
11924,22
11927,23
11929,24
11931,24
11933,28
11935,28
11945,26
11957,23
11958,24
11959,23
11962,27
11966,24
11968,23
11970,24
11971,16
11972,24
11974,22
11975,25
11991,21
11995,28
11996,27
11997,26
12002,23
12006,26
12008,25
12011,33
12016,26
12020,18
12021,23
12022,25
12024,23
12027,27
12029,17
12034,23
12036,22
12039,24
12041,24
12043,18
12044,16
12051,18
12055,27
12058,20
12059,24
12060,25
12061,18
12066,22
12067,18
12076,18
12077,24
12079,25
12081,18
12082,26
12084,28
12087,19
12091,18
12095,25
12096,27
12097,19
12104,17
12107,21
12108,25
12111,23
12112,23
12115,15
12120,18
12122,25
12123,24
12126,18
12127,26
12129,18
12132,24
12140,24
12147,17
12148,27
12150,19
12152,17
12154,19
12162,26
12166,25
12168,33
12171,17
12172,19
12175,24
12176,24
12177,25
12179,17
12180,18
12181,28
12182,28
12187,25
12191,26
12195,33
12197,25
12198,23
12200,19
12201,25
12203,29
12205,26
12206,24
12215,25
12218,29
12223,25
12225,25
12226,26
12227,17
12230,24
12231,17
12235,23
12236,24
12237,23
12238,22
12239,23
12241,25
12242,25
12244,32
12245,16
12251,25
12254,22
12256,27
12258,27
12262,24
12264,19
12266,18
12267,25
12268,25
12270,29
12271,25
12276,18
12277,25
12286,25
12290,29
12291,16
12292,25
12298,26
12300,17
12303,23
12309,26
12312,24
12316,25
12323,22
12325,19
12326,27
12330,27
12333,17
12334,23
12342,23
12347,19
12354,24
12356,29
12357,29
12360,24
12364,29
12370,24
12372,23
12373,27
12378,32
12381,28
12383,25
12393,24
12397,17
12399,22
12401,24
12403,29
12404,25
12406,24
12408,17
12409,17
12411,24
12412,17
12414,24
12426,38
12430,16
12440,18
12441,17
12445,24
12448,24
12449,25
12455,24
12458,26
12464,27
12467,28
12468,32
12474,25
12481,19
12482,25
12483,27
12485,25
12487,24
12489,18
12492,27
12493,18
12494,25
12495,26
12499,18
12500,25
12505,27
12509,24
12511,25
12514,29
12515,24
12517,16
12520,26
12522,28
12523,25
12525,19
12526,20
12529,23
12530,21
12532,24
12537,18
12540,23
12541,30
12543,17
12546,26
12547,19
12548,25
12558,27
12562,25
12565,25
12574,27
12576,28
12582,23
12583,19
12591,24
12608,21
12611,21
12612,23
12613,24
12617,27
12618,22
12619,25
12621,17
12622,28
12625,22
12631,17
12636,26
12643,18
12648,25
12653,29
12658,25
12659,25
12660,25
12663,18
12664,23
12671,24
12672,16
12674,27
12676,19
12677,20
12680,20
12685,17
12688,28
12690,17
12691,18
12695,17
12699,19
12705,26
12708,18
12709,24
12712,25
12716,28
12720,29
12721,16
12725,24
12726,28
12728,24
12729,26
12731,18
12732,26
12734,24
12735,24
12738,26
12743,25
12746,25
12749,16
12752,27
12755,26
12760,27
12766,28
12776,16
12784,24
12785,26
12786,24
12787,31
12788,23
12790,25
12794,24
12796,25
12799,24
12801,23
12805,24
12808,22
12809,19
12812,25
12816,19
12817,27
12818,25
12820,26
12828,23
12836,23
12838,18
12842,25
12843,22
12844,19
12853,17
12858,24
12859,24
12861,28
12862,23
12863,18
12864,22
12868,24
12870,23
12871,16
12873,28
12874,24
12876,23
12888,26
12896,24
12899,24
12900,26
12902,22
12906,25
12908,27
12911,23
12912,23
12915,23
12916,25
12921,19
12922,17
12926,26
12929,23
12930,23
12932,17
12934,18
12935,29
12943,29
12950,23
12951,25
12952,25
12954,28
12956,26
12959,17
12960,25
12961,17
12964,15
12967,26
12968,24
12971,26
12972,29
12973,25
12975,27
12976,18
12977,24
12978,22
12980,23
12982,23
12986,23
12991,18
12994,25
12995,18
12999,25
13001,19
13004,26
13006,22
13007,26
13010,22
13014,25
13015,29
13019,25
13029,18
13030,24
13032,24
13039,25
13040,23
13045,25
13047,18
13050,27
13055,26
13058,17
13063,25
13064,22
13067,27
13068,23
13072,23
13073,24
13074,28
13075,16
13079,23
13081,17
13082,22
13084,25
13087,23
13090,19
13104,18
13106,25
13107,17
13109,11
13113,25
13115,21
13116,18
13117,18
13119,18
13120,23
13135,27
13137,24
13138,24
13140,26
13141,24
13149,24
13151,25
13154,25
13159,24
13160,24
13163,18
13164,23
13165,25
13167,28
13169,17
13172,25
13177,28
13181,18
13187,26
13188,26
13193,24
13194,23
13196,24
13200,25
13207,25
13209,19
13211,23
13215,25
13217,28
13219,17
13223,25
13226,29
13231,24
13236,16
13239,27
13241,25
13244,25
13245,24
13250,26
13257,16
13258,18
13265,23
13267,18
13269,26
13271,27
13272,25
13277,16
13280,24
13281,23
13282,18
13284,23
13285,24
13288,24
13289,24
13295,24
13300,25
13301,28
13303,27
13305,18
13309,23
13311,23
13312,26
13314,17
13315,27
13318,17
13323,28
13324,23
13329,27
13333,28
13336,26
13339,27
13340,17
13344,25
13345,24
13352,23
13356,15
13357,26
13360,25
13366,28
13367,17
13370,25
13373,29
13375,26
13376,17
13379,26
13384,27
13385,23
13396,25
13404,27
13405,24
13409,17
13411,16
13412,13
13413,28
13414,23
13416,19
13418,25
13419,26
13420,24
13422,19
13426,23
13435,24
13436,24
13443,25
13447,25
13451,25
13455,24
13457,35
13460,22
13461,24
13462,24
13465,30
13467,25
13469,25
13473,19
13476,26
13478,23
13481,18
13490,24
13492,23
13497,27
13498,24
13499,25
13500,28
13501,24
13505,26
13509,27
13513,23
13514,22
13519,24
13520,26
13521,23
13523,18
13527,25
13531,18
13538,24
13542,28
13547,26
13552,24
13556,24
13557,17
13560,16
13561,25
13562,30
13568,26
13571,24
13573,23
13574,22
13582,18
13583,21
13585,17
13587,17
13594,25
13597,25
13601,23
13602,17
13604,28
13607,26
13608,18
13613,19
13616,23
13618,19
13624,27
13625,18
13628,23
13630,23
13632,18
13633,22
13637,23
13638,23
13642,24
13643,25
13649,29
13650,23
13651,24
13655,23
13656,27
13657,18
13658,23
13663,24
13667,24
13674,16
13678,24
13680,24
13681,25
13691,18
13695,17
13698,22
13699,16
13703,23
13706,25
13708,19
13711,26
13713,26
13715,24
13717,18
13720,18
13723,17
13724,23
13725,19
13726,27
13728,24
13731,20
13733,24
13734,16
13735,24
13737,24
13738,16
13740,18
13742,28
13747,25
13748,24
13751,17
13755,28
13756,17
13758,25
13761,22
13763,20
13765,25
13767,27
13776,20
13779,18
13784,26
13785,26
13787,24
13790,25
13795,27
13796,17
13800,23
13801,25
13802,26
13803,24
13805,17
13806,25
13809,25
13814,22
13816,17
13817,26
13818,25
13819,24
13821,30
13823,27
13829,16
13832,17
13834,24
13835,24
13836,25
13840,16
13841,23
13843,23
13848,15
13851,18
13853,24
13858,21
13859,30
13861,29
13862,24
13864,18
13867,23
13869,20
13870,25
13874,24
13878,26
13880,25
13891,22
13893,18
13896,17
13898,25
13901,24
13904,24
13908,23
13910,25
13911,19
13912,18
13914,25
13917,20
13919,19
13920,26
13921,26
13923,17
13924,23
13927,30
13928,16
13929,27
13935,26
13939,27
13941,30
13943,24
13945,18
13946,23
13948,23
13951,18
13958,19
13960,23
13961,25
13963,23
13965,17
13968,24
13976,24
13977,27
13978,23
13979,29
13980,26
13984,18
13989,17
13992,19
13993,29
13997,28
13999,27
14004,22
14005,26
14011,29
14013,24
14018,28
14020,18
14024,19
14026,24
14028,24
14033,24
14035,25
14039,17
14043,24
14045,24
14048,17
14050,27
14063,25
14064,19
14071,27
14073,24
14077,25
14078,18
14080,23
14082,23
14094,17
14098,16
14107,23
14109,24
14110,26
14112,24
14114,24
14122,17
14126,27
14129,24
14133,25
14139,24
14142,25
14146,17
14147,25
14148,23
14149,28
14154,25
14158,23
14159,24
14160,22
14163,25
14169,24
14186,23
14187,17
14189,18
14193,24
14195,17
14196,25
14201,27
14203,17
14210,24
14212,34
14213,25
14215,25
14218,27
14219,16
14220,19
14223,15
14226,29
14227,23
14228,26
14230,24
14232,24
14235,26
14242,18
14243,16
14245,27
14253,20
14259,28
14261,24
14268,25
14270,23
14272,24
14276,25
14277,28
14280,17
14281,17
14284,24
14285,24
14288,18
14293,24
14296,25
14298,18
14304,20
14307,25
14308,25
14309,17
14310,26
14311,25
14313,24
14319,19
14325,27
14327,26
14332,20
14339,25
14341,17
14342,17
14351,24
14352,19
14353,26
14356,28
14359,23
14362,17
14363,24
14374,19
14375,27
14382,22
14383,32
14384,17
14385,26
14386,23
14388,18
14390,22
14392,18
14393,21
14395,24
14408,18
14413,23
14414,18
14417,24
14418,26
14420,25
14422,31
14424,17
14426,23
14427,24
14430,17
14431,32
14432,25
14433,27
14436,25
14441,26
14442,19
14444,18
14446,19
14451,27
14453,19
14456,17
14459,25
14461,23
14462,17
14463,21
14467,24
14469,27
14470,27
14477,23
14479,27
14485,23
14488,26
14496,19
14497,22
14499,19
14504,27
14505,25
14512,24
14518,24
14519,18
14525,24
14526,18
14527,23
14533,29
14534,23
14535,23
14539,30
14541,18
14542,17
14543,28
14548,24
14552,23
14557,26
14559,26
14560,24
14569,30
14574,24
14575,24
14578,33
14579,16
14580,24
14584,25
14591,23
14595,16
14598,24
14601,28
14604,27
14607,24
14611,24
14613,18
14615,17
14617,17
14628,22
14630,15
14632,28
14636,16
14638,18
14640,23
14643,26
14644,19
14649,26
14650,30
14656,25
14657,24
14659,17
14661,28
14664,18
14668,27
14673,24
14674,17
14675,18
14677,23
14680,27
14684,29
14685,18
14686,26
14689,26
14691,24
14692,19
14693,28
14698,23
14702,22
14703,26
14705,25
14708,24
14710,27
14711,26
14713,26
14717,24
14718,24
14722,23
14724,29
14728,18
14730,24
14735,23
14736,26
14738,18
14741,30
14742,23
14743,19
14745,23
14749,22
14750,25
14752,24
14754,17
14756,18
14757,19
14758,18
14759,29
14763,17
14765,26
14766,19
14767,29
14768,26
14769,27
14771,23
14776,19
14781,26
14782,25
14784,20
14787,15
14790,23
14799,24
14801,26
14807,26
14808,25
14809,27
14812,23
14813,19
14814,17
14815,23
14822,21
14824,17
14825,24
14826,24
14827,25
14830,25
14831,25
14834,17
14836,18
14837,21
14839,27
14840,24
14844,18
14846,28
14849,24
14850,18
14852,25
14853,22
14857,30
14859,28
14860,33
14866,27
14867,26
14873,22
14876,24
14877,19
14879,24
14880,17
14882,26
14887,25
14890,23
14892,24
14898,22
14899,25
14900,27
14902,18
14906,21
14908,27
14910,21
14919,26
14920,27
14921,25
14922,23
14926,24
14930,20
14933,24
14936,24
14941,16
14943,28
14947,25
14953,26
14955,24
14956,24
14957,23
14959,27
14963,27
14971,29
14973,26
14983,19
14984,18
14986,20
14992,24
14996,27
14999,23
15003,29
15004,19
15009,19
15011,24
15019,18
15021,23
15024,23
15032,18
15034,25
15038,24
15039,23
15046,20
15052,18
15053,18
15054,26
15059,16
15060,23
15062,22
15065,28
15066,24
15070,23
15074,24
15076,24
15077,18
15079,30
15081,23
15084,17
15085,25
15089,25
15090,24
15093,23
15097,35
15101,24
15104,19
15105,16
15107,28
15108,23
15109,22
15110,25
15112,23
15117,25
15121,26
15122,18
15124,24
15125,26
15126,26
15128,19
15130,18
15140,25
15144,17
15146,24
15147,19
15148,18
15150,25
15151,26
15156,23
15166,24
15167,25
15168,18
15172,26
15173,24
15174,25
15178,23
15183,27
15190,27
15191,27
15193,28
15194,25
15195,26
15197,22
15203,16
15206,27
15208,18
15209,18
15212,24
15216,19
15217,26
15222,24
15223,18
15224,27
15226,29
15227,26
15230,24
15238,23
15240,29
15241,24
15243,25
15246,24
15248,16
15249,19
15251,23
15254,25
15256,33
15258,26
15260,19
15262,24
15264,17
15275,25
15280,22
15284,24
15286,24
15289,26
15302,25
15311,24
15316,25
15325,18
15329,26
15335,24
15344,23
15350,24
15351,26
15353,26
15354,19
15360,22
15362,26
15363,33
15368,22
15373,18
15375,18
15376,17
15378,22
15382,25
15383,27
15389,23
15390,27
15392,19
15395,19
15396,30
15403,19
15407,15
15409,24
15411,24
15413,20
15417,28
15418,26
15419,27
15427,18
15431,29
15433,27
15435,25
15441,18
15442,27
15444,17
15445,23
15446,18
15449,26
15452,27
15454,17
15458,18
15463,23
15465,17
15467,25
15468,23
15474,29
15479,23
15481,19
15484,24
15486,25
15490,27
15493,24
15501,24
15503,24
15507,26
15510,27
15513,27
15515,24
15516,18
15518,32
15525,24
15526,26
15527,23
15529,23
15532,25
15539,27
15540,19
15541,24
15543,28
15544,24
15545,25
15548,25
15551,27
15553,27
15556,25
15557,17
15560,25
15562,24
15564,24
15568,23
15570,27
15571,20
15575,18
15576,23
15578,19
15585,25
15586,17
15588,19
15590,19
15592,19
15597,27
15605,24
15607,15
15608,24
15609,16
15610,28
15615,27
15628,29
15629,20
15631,24
15632,23
15635,28
15636,25
15647,25
15648,19
15649,25
15658,18
15659,25
15661,24
15663,29
15665,25
15667,18
15668,23
15670,19
15672,21
15676,28
15679,24
15680,27
15686,28
15690,23
15693,24
15694,26
15697,24
15700,27
15704,26
15706,18
15708,29
15709,27
15717,19
15720,30
15725,23
15729,19
15730,30
15733,25
15734,24
15738,18
15739,24
15743,22
15744,31
15750,23
15753,17
15754,31
15756,19
15759,28
15761,24
15762,18
15764,22
15765,17
15770,18
15771,17
15772,18
15776,18
15777,27
15778,31
15783,24
15785,30
15786,26
15791,25
15798,23
15799,23
15804,26
15807,30
15811,22
15812,19
15817,20
15821,31
15822,25
15825,22
15828,23
15830,17
15836,22
15841,17
15842,23
15849,16
15851,29
15853,25
15854,26
15855,17
15858,23
15860,27
15862,16
15864,25
15868,27
15869,17
15870,21
15871,18
15873,20
15874,20
15875,24
15886,24
15893,18
15895,21
15897,23
15900,26
15901,19
15903,17
15905,23
15906,23
15907,24
15908,18
15910,19
15912,17
15913,25
15915,27
15918,26
15921,19
15923,25
15929,28
15943,26
15951,24
15956,28
15963,18
15966,26
15969,25
15973,28
15975,19
15978,17
15979,18
15984,27
15985,30
15986,25
15989,18
15992,28
15996,18
15998,25
16000,24
16002,24
16005,20
16007,24
16010,21
16011,25
16012,19
16015,17
16016,18
16018,29
16023,17
16026,15
16030,24
16031,25
16032,23
16034,24
16035,23
16041,24
16043,24
16048,26
16050,22
16053,18
16054,21
16055,26
16056,26
16065,24
16066,27
16067,25
16071,25
16075,17
16083,24
16092,35
16095,18
16096,17
16098,17
16101,23
16102,26
16104,25
16110,19
16113,29
16114,23
16115,19
16116,24
16121,28
16127,25
16131,26
16135,17
16138,27
16139,26
16140,29
16141,23
16142,23
16145,28
16146,17
16150,24
16154,25
16157,18
16158,25
16160,15
16161,26
16165,18
16166,24
16167,26
16179,26
16180,26
16181,24
16185,24
16191,16
16193,32
16195,18
16199,23
16202,25
16203,18
16204,24
16205,25
16209,25
16211,30
16212,26
16218,25
16228,18
16229,18
16231,24
16234,19
16235,24
16239,19
16240,28
16244,19
16251,18
16252,27
16253,26
16255,24
16256,17
16258,25
16263,25
16265,24
16270,22
16272,25
16275,24
16276,24
16277,23
16279,25
16280,18
16282,27
16283,16
16286,24
16288,28
16289,23
16290,23
16292,17
16293,24
16294,23
16300,23
16301,19
16310,17
16312,18
16314,22
16315,24
16317,26
16318,25
16320,26
16322,26
16323,14
16325,24
16326,22
16327,26
16330,18
16331,27
16337,25
16345,19
16347,14
16348,17
16355,27
16356,24
16357,21
16361,25
16362,29
16364,17
16367,23
16368,24
16369,25
16371,19
16373,23
16374,24
16382,26
16386,17
16389,19
16401,24
16402,28
16403,29
16406,25
16409,18
16411,25
16412,30
16415,27
16418,24
16421,27
16423,25
16428,27
16432,29
16434,17
16439,23
16440,24
16443,27
16446,25
16449,23
16451,26
16452,25
16454,19
16456,30
16460,25
16461,27
16464,25
16469,26
16475,19
16476,23
16478,18
16484,20
16487,27
16489,24
16494,24
16495,23
16502,24
16505,27
16506,22
16508,26
16510,27
16514,25
16515,23
16516,28
16517,22
16519,17
16520,23
16521,25
16532,24
16535,28
16537,17
16544,24
16548,23
16551,17
16553,18
16554,28
16556,26
16557,23
16562,24
16565,25
16566,19
16572,20
16573,25
16576,26
16578,26
16579,29
16581,23
16584,19
16586,17
16588,25
16592,26
16593,28
16596,26
16598,24
16601,24
16602,27
16607,18
16610,25
16611,23
16612,26
16613,15
16619,23
16626,25
16628,27
16629,27
16630,19
16632,19
16633,24
16634,26
16637,26
16641,26
16643,28
16644,25
16645,29
16646,26
16647,26
16650,26
16655,23
16658,25
16661,26
16670,19
16671,28
16673,23
16677,24
16679,19
16683,29
16686,18
16691,27
16698,25
16704,27
16706,25
16708,18
16709,24
16710,18
16715,24
16719,27
16721,26
16722,27
16726,17
16731,16
16732,24
16737,28
16738,18
16743,25
16744,23
16747,17
16748,25
16749,28
16751,26
16753,26
16756,24
16757,28
16760,23
16761,24
16763,18
16765,28
16771,26
16772,19
16775,25
16776,24
16778,27
16784,23
16785,22
16786,24
16788,16
16791,15
16796,18
16797,24
16798,29
16802,17
16803,18
16808,16
16812,23
16813,26
16814,25
16821,29
16823,18
16827,16
16830,23
16831,27
16833,19
16834,22
16838,26
16839,17
16843,25
16846,18
16848,27
16849,18
16853,31
16856,17
16859,24
16863,26
16864,18
16865,17
16867,14
16876,26
16878,24
16883,26
16887,22
16889,29
16890,18
16892,26
16894,17
16895,25
16897,27
16898,18
16904,24
16906,29
16912,25
16921,19
16922,23
16927,25
16930,24
16931,23
16935,24
16940,17
16941,23
16942,22
16944,22
16945,24
16947,24
16948,22
16950,29
16952,23
16953,29
16956,23
16957,23
16958,26
16959,25
16960,18
16963,17
16964,25
16965,16
16968,29
16969,17
16971,23
16974,24
16976,27
16979,23
16984,26
16989,26
16991,28
16999,26
17003,29
17005,24
17007,25
17009,23
17010,24
17012,17
17015,29
17016,28
17019,24
17031,19
17035,18
17039,29
17042,24
17043,23
17050,25
17051,23
17052,20
17053,17
17054,22
17056,19
17059,25
17062,18
17063,20
17066,25
17072,16
17074,26
17078,24
17079,23
17082,24
17083,28
17088,16
17089,25
17090,23
17092,24
17094,22
17096,25
17100,24
17101,18
17107,25
17108,26
17110,24
17112,18
17116,18
17117,31
17121,19
17132,27
17136,23
17139,25
17140,26
17142,17
17146,18
17150,24
17151,24
17153,17
17154,26
17155,22
17157,24
17165,25
17166,28
17168,18
17169,19
17173,26
17175,25
17187,28
17191,27
17192,21
17193,18
17207,25
17210,17
17214,18
17218,25
17224,24
17227,17
17231,18
17232,20
17235,21
17238,26
17239,16
17241,27
17244,27
17247,28
17249,24
17254,27
17256,24
17257,23
17259,22
17260,21
17261,23
17264,24
17270,25
17271,22
17272,26
17275,26
17281,27
17282,24
17289,24
17294,24
17295,28
17296,27
17297,25
17298,22
17299,25
17319,26
17321,27
17325,24
17329,27
17335,24
17337,23
17338,18
17350,18
17351,25
17352,20
17355,28
17356,23
17357,25
17358,27
17359,25
17361,28
17365,26
17380,26
17384,27
17385,23
17388,25
17390,23
17392,25
17395,24
17400,22
17402,27
17403,23
17405,26
17406,17
17408,16
17413,19
17416,24
17417,17
17420,24
17421,23
17424,25
17428,24
17430,16
17431,28
17432,24
17433,24
17434,29
17436,18
17439,26
17448,26
17457,27
17467,17
17468,17
17470,23
17471,24
17477,23
17479,17
17485,25
17490,18
17491,19
17494,23
17503,22
17507,23
17513,22
17515,17
17518,24
17521,24
17526,24
17529,26
17530,18
17532,24
17535,15
17540,26
17541,18
17544,24
17546,19
17552,18
17553,24
17555,17
17557,23
17558,17
17559,25
17560,25
17561,21
17565,17
17566,16
17569,19
17570,30
17574,25
17576,26
17579,24
17581,20
17582,27
17585,26
17586,26
17587,27
17598,17
17599,26
17603,18
17607,25
17609,24
17611,16
17613,32
17617,19
17619,26
17621,24
17628,23
17630,29
17635,15
17644,24
17645,24
17647,24
17648,28
17652,26
17658,28
17660,26
17665,25
17667,18
17668,18
17672,25
17673,24
17674,27
17680,24
17682,28
17684,18
17686,23
17695,26
17696,27
17697,25
17699,26
17700,22
17704,17
17709,24
17712,17
17720,29
17721,28
17724,23
17725,23
17726,26
17729,24
17734,22
17736,24
17738,28
17739,17
17746,25
17751,25
17752,18
17758,26
17759,25
17764,25
17768,18
17774,18
17775,26
17777,28
17779,23
17780,26
17782,18
17787,24
17788,24
17790,16
17792,25
17793,17
17795,18
17797,23
17798,20
17800,18
17801,29
17804,18
17813,23
17820,18
17821,18
17822,25
17825,19
17827,24
17830,18
17836,24
17843,33
17846,25
17851,27
17852,31
17855,25
17856,22
17859,24
17861,23
17863,29
17865,21
17866,26
17867,23
17869,25
17870,26
17872,24
17874,26
17877,23
17878,19
17881,24
17882,24
17884,28
17887,25
17889,26
17891,24
17892,20
17894,17
17898,26
17899,18
17900,23
17902,16
17903,24
17912,25
17913,33
17915,23
17919,25
17924,23
17929,22
17932,23
17940,23
17943,24
17944,29
17945,26
17946,16
17949,26
17951,18
17956,17
17958,24
17967,26
17971,17
17972,25
17973,17
17976,29
17995,29
17996,25
17997,25
18013,23
18014,25
18016,26
18019,18
18020,24
18024,19
18025,22
18032,27
18035,22
18036,26
18039,28
18044,29
18046,19
18047,23
18048,26
18050,26
18053,18
18054,17
18056,27
18057,23
18059,27
18060,22
18066,23
18067,23
18068,24
18069,18
18071,24
18072,22
18076,19
18080,26
18085,27
18088,31
18089,18
18092,18
18100,18
18101,20
18106,17
18108,27
18110,19
18112,29
18116,18
18127,23
18130,27
18132,24
18134,29
18136,24
18140,24
18141,18
18143,23
18145,28
18146,25
18147,17
18150,18
18151,21
18152,22
18153,19
18154,24
18157,21
18159,24
18161,16
18163,24
18164,18
18166,22
18168,30
18169,26
18170,18
18173,20
18174,25
18178,25
18179,29
18181,32
18189,18
18190,26
18192,18
18195,19
18201,26
18203,24
18204,23
18208,25
18211,20
18212,19
18214,24
18218,32
18222,15
18223,25
18225,27
18226,25
18227,25
18229,23
18233,20
18239,24
18240,23
18241,23
18245,26
18246,23
18252,26
18257,24
18258,23
18267,28
18271,27
18273,21
18276,18
18279,24
18280,26
18285,14
18287,26
18288,18
18291,26
18294,23
18296,25
18300,17
18302,17
18303,26
18304,23
18306,16
18308,28
18315,25
18316,19
18317,17
18320,18
18321,23
18323,23
18325,17
18326,18
18329,17
18331,26
18337,17
18338,24
18339,23
18343,25
18346,20
18347,20
18348,26
18349,25
18354,29
18355,18
18361,18
18362,24
18365,24
18373,17
18381,25
18386,23
18390,27
18393,26
18396,23
18404,25
18407,24
18408,17
18411,18
18412,25
18413,23
18416,27
18422,28
18423,26
18426,19
18427,22
18428,29
18430,24
18431,18
18433,18
18440,25
18441,23
18448,29
18453,17
18455,23
18457,19
18458,24
18459,18
18461,27
18462,17
18463,24
18466,23
18468,23
18470,24
18473,24
18475,25
18480,23
18482,18
18486,27
18488,25
18493,31
18495,26
18498,24
18499,18
18501,18
18504,25
18505,23
18510,24
18512,28
18515,25
18516,25
18521,25
18526,18
18527,28
18528,24
18535,23
18537,17
18538,28
18539,21
18546,18
18549,17
18550,26
18552,25
18554,24
18555,25
18559,25
18560,18
18563,25
18565,26
18569,16
18571,18
18572,17
18577,17
18578,23
18580,27
18581,24
18582,23
18585,25
18588,25
18591,26
18592,24
18596,24
18598,25
18600,24
18604,24
18606,22
18610,23
18613,25
18616,26
18620,18
18621,22
18623,25
18624,27
18625,17
18628,17
18630,25
18631,22
18637,18
18639,19
18641,24
18659,19
18661,20
18664,18
18666,26
18667,24
18668,18
18674,24
18676,27
18679,24
18681,25
18682,16
18684,24
18689,18
18690,27
18696,19
18699,26
18707,22
18709,19
18711,25
18713,19
18714,28
18717,24
18719,25
18720,23
18721,25
18722,19
18726,16
18729,25
18730,22
18733,28
18734,17
18737,24
18740,24
18742,23
18743,29
18744,30
18745,23
18746,25
18750,25
18752,23
18763,25
18765,18
18773,25
18774,25
18777,27
18779,26
18781,23
18782,24
18783,18
18785,26
18787,25
18792,18
18797,24
18804,27
18805,16
18806,23
18809,23
18814,27
18820,23
18824,17
18825,19
18826,25
18840,24
18841,21
18849,24
18851,23
18852,17
18856,23
18860,17
18861,28
18862,24
18864,26
18871,26
18874,22
18878,24
18879,18
18880,24
18881,17
18882,23
18883,23
18884,17
18885,23
18886,27
18887,23
18890,17
18892,25
18900,23
18902,16
18909,23
18910,29
18911,28
18912,24
18913,25
18915,29
18916,22
18924,25
18930,18
18933,28
18935,28
18939,26
18943,27
18962,21
18963,28
18967,17
18969,17
18970,25
18974,27
18975,24
18976,27
18977,24
18978,24
18983,18
18984,25
18985,24
18987,24
18994,26
18996,25
18999,24
19001,18
19007,19
19011,18
19014,25
19015,17
19016,26
19018,23
19021,22
19024,19
19025,26
19027,28
19032,18
19036,18
19037,18
19038,26
19039,24
19043,24
19045,26
19046,26
19049,23
19050,23
19054,19
19055,25
19058,24
19062,24
19068,18
19070,29
19075,23
19076,23
19080,26
19081,24
19084,22
19085,23
19087,24
19091,18
19099,24
19102,18
19106,16
19109,18
19114,25
19117,26
19120,26
19125,16
19131,30
19134,25
19135,26
19138,26
19143,17
19144,24
19148,27
19152,23
19153,21
19160,18
19164,28
19172,22
19174,27
19177,24
19179,26
19184,26
19186,18
19188,26
19190,17
19194,25
19195,27
19197,23
19200,25
19205,25
19206,26
19207,26
19209,24
19213,20
19214,27
19215,24
19216,26
19219,24
19220,16
19221,24
19227,24
19228,25
19234,18
19236,18
19241,24
19242,17
19244,26
19245,29
19246,28
19251,25
19254,22
19257,23
19259,24
19261,31
19265,18
19266,26
19267,23
19270,19
19272,20
19275,28
19276,27
19286,28
19288,24
19292,24
19296,22
19298,27
19300,26
19303,29
19304,18
19305,34
19306,26
19311,28
19312,17
19314,36
19316,30
19318,23
19320,18
